Player,Age,2018,2017,2016,2015,2014,2013,2012,2011,2010,2009,2008,2007,2006,2005,2004,2003,2002,2001,2000
Kent Bazemore,28,16910113,15730338,2000000,2000000,788872,473604,0,0,0,0,0,0,0,0,0,0,0,0,0
Dennis Schroder,24,15500000,2708582,1763400,1690680,0,0,0,0,0,0,0,0,0,0,0,0,0,0,0
Miles Plumlee,29,12500000,12500000,2109294,1169880,1121520,1073280,0,0,0,0,0,0,0,0,0,0,0,0,0
Dewayne Dedmon,28,6000000,2898000,947278,816482,0,0,0,0,0,0,0,0,0,0,0,0,0,0,0
Mike Muscala,26,5000000,1015696,947276,816482,0,0,0,0,0,0,0,0,0,0,0,0,0,0,0
Malcolm Delaney,29,2500000,2500000,0,0,0,0,0,0,0,0,0,0,0,0,0,0,0,0,0
Taurean Waller-Prince,24,2422560,2318280,0,0,0,0,0,0,0,0,0,0,0,0,0,0,0,0,0
John Collins,20,1936920,0,0,0,0,0,0,0,0,0,0,0,0,0,0,0,0,0,0
Isaiah Taylor,23,1312611,305000,0,0,0,0,0,0,0,0,0,0,0,0,0,0,0,0,0
Tyler Dorsey,22,815615,0,0,0,0,0,0,0,0,0,0,0,0,0,0,0,0,0,0
Tyler Cavanaugh,24,50000,0,0,0,0,0,0,0,0,0,0,0,0,0,0,0,0,0,0
Jamal Crawford,38,10942762,13253012,5675000,5450000,5225000,5000000,5000000,10800000,9360000,0,7920000,0,6480000,5760000,2577937,2026680,1894560,1762320,0
Marco Belinelli,32,6606060,6333333,6333333,2873750,2750000,1957000,3377604,2380270,1547640,0,1345800,0,0,0,0,0,0,0,0
Ersan Ilyasova,30,6000000,8400000,7900000,7900000,7900000,7900000,2541000,2320500,2100000,0,0,664209,398762,0,0,0,0,0,0
Richard Jefferson,37,2500000,2500000,1499000,1448490,11046000,10164000,9282000,8400000,14200000,13200000,12200000,11200000,10200000,2266794,1586280,1482840,1379400,0,0
Mike Dunleavy,37,1662500,4837500,4500000,0,3183000,3750000,3750000,10561984,9780992,9000000,8219008,0,4506261,3565080,3332520,3100080,0,0,0
Okaro White,25,1312611,374933,0,0,0,0,0,0,0,0,0,0,0,0,0,0,0,0,0
Sheldon Mac,25,1312611,0,0,0,0,0,0,0,0,0,0,0,0,0,0,0,0,0,0
Diamond Stone,21,1312611,543471,0,0,0,0,0,0,0,0,0,0,0,0,0,0,0,0,0
Nicolas Brussino,25,1312611,543471,0,0,0,0,0,0,0,0,0,0,0,0,0,0,0,0,0
Quinn Cook,25,100000,31969,0,0,0,0,0,0,0,0,0,0,0,0,0,0,0,0,0
Jeremy Evans,30,50000,1227286,1100602,1794871,1660257,1794872,762195,473604,0,0,0,0,0,0,0,0,0,0,0
DeAndre Liggins,29,26773,1015696,0,0,0,762195,473604,0,0,0,0,0,0,0,0,0,0,0,0
DeAndre Liggins,30,26773,1015696,0,0,0,762195,473604,0,0,0,0,0,0,0,0,0,0,0,0
Gordon Hayward,28,29727900,16073140,15409570,14746000,3452183,2709720,2532960,2356320,0,0,0,0,0,0,0,0,0,0,0
Al Horford,31,27734405,26540100,12000000,12000000,12000000,12000000,12000000,5444857,4307640,4026720,3745800,0,0,0,0,0,0,0,0
Kyrie Irving,26,18868625,17638063,14746000,7070730,5607240,5530080,5144280,0,0,0,0,0,0,0,0,0,0,0,0
Jayson Tatum,20,5645400,0,0,0,0,0,0,0,0,0,0,0,0,0,0,0,0,0,0
Greg Monroe,27,17884176,17100000,16400000,5479934,4086454,0,3007920,0,0,0,0,0,0,0,0,0,0,0,0
Marcus Morris,28,5000000,4625000,5000000,2943221,1987320,1959960,1823280,0,0,0,0,0,0,0,0,0,0,0,0
Jaylen Brown,21,4956480,4743000,0,0,0,0,0,0,0,0,0,0,0,0,0,0,0,0,0
Marcus Smart,24,4538020,3578880,3431040,3283320,0,0,0,0,0,0,0,0,0,0,0,0,0,0,0
Aron Baynes,31,4328000,6500000,6500000,2077000,788872,401170,0,0,0,0,0,0,0,0,0,0,0,0,0
Guerschon Yabusele,22,2247480,0,0,0,0,0,0,0,0,0,0,0,0,0,0,0,0,0,0
Terry Rozier,24,1988520,1906440,1824360,0,0,0,0,0,0,0,0,0,0,0,0,0,0,0,0
Shane Larkin,25,1524305,0,1500000,1606080,1536960,0,0,0,0,0,0,0,0,0,0,0,0,0,0
Semi Ojeleye,23,1291892,0,0,0,0,0,0,0,0,0,0,0,0,0,0,0,0,0,0
Abdel Nader,24,1167333,0,0,0,0,0,0,0,0,0,0,0,0,0,0,0,0,0,0
Daniel Theis,25,815615,0,0,0,0,0,0,0,0,0,0,0,0,0,0,0,0,0,0
Demetrius Jackson,23,92858,1450000,0,0,0,0,0,0,0,0,0,0,0,0,0,0,0,0,0
Jarell Eddie,26,17224,102898,561716,29843,0,0,0,0,0,0,0,0,0,0,0,0,0,0,0
Allen Crabbe,25,19332500,18500000,947276,862000,0,0,0,0,0,0,0,0,0,0,0,0,0,0,0
Timofey Mozgov,31,15280000,16000000,4950000,4650000,4400000,3140429,3343896,3567096,0,0,0,0,0,0,0,0,0,0,0
DeMarre Carroll,31,14800000,14200000,13500000,2442455,2557545,0,289382,1085400,1009680,0,0,0,0,0,0,0,0,0,0
Jeremy Lin,29,12000000,11483254,2100000,8374646,8374646,0,762195,473604,0,0,0,0,0,0,0,0,0,0,0
Jahlil Okafor,22,4995120,4788840,4582680,0,0,0,0,0,0,0,0,0,0,0,0,0,0,0,0
Nik Stauskas,24,3807146,2993040,2869440,2745840,0,0,0,0,0,0,0,0,0,0,0,0,0,0,0
Dante Cunningham,30,2300000,2978250,3000000,831942,2180000,2090000,2000000,0,457588,0,0,0,0,0,0,0,0,0,0
Jarrett Allen,19,1713720,0,0,0,0,0,0,0,0,0,0,0,0,0,0,0,0,0,0
Quincy Acy,27,1709538,1050961,981348,915243,788872,665000,0,0,0,0,0,0,0,0,0,0,0,0,0
Caris LeVert,23,1632480,1562280,0,0,0,0,0,0,0,0,0,0,0,0,0,0,0,0,0
Spencer Dinwiddie,24,1524305,726672,845059,700000,0,0,0,0,0,0,0,0,0,0,0,0,0,0,0
Joe Harris,26,1524305,980431,845059,884879,0,0,0,0,0,0,0,0,0,0,0,0,0,0,0
Rondae Hollis-Jefferson,23,1471382,1395600,1335480,0,0,0,0,0,0,0,0,0,0,0,0,0,0,0,0
Isaiah Whitehead,23,1312611,1074145,0,0,0,0,0,0,0,0,0,0,0,0,0,0,0,0,0
Deron Williams,33,5500000,259626,5500000,19754465,18466130,17177795,16359805,14940152,12323900,5069449,4010640,0,3487400,0,0,0,0,0,0
Sean Kilpatrick,28,1524305,980431,99418,35000,0,0,0,0,0,0,0,0,0,0,0,0,0,0,0
Dwight Howard,32,23500000,23180275,22359364,21436271,20513178,19536360,18091770,16647180,15202590,13758000,6061274,4806720,4493160,4179720,0,0,0,0,0
Nicolas Batum,29,22434783,20869566,12235750,11765500,11295250,10850000,2155365,1196760,1118760,1040640,0,0,0,0,0,0,0,0,0
Marvin Williams,31,13168750,12250000,7000000,0,7500000,8287500,7500000,6712500,7500000,5636143,4466040,4174800,3883560,0,0,0,0,0,0
Michael Kidd-Gilchrist,24,13000000,13000000,6331404,0,0,0,0,0,0,0,0,0,0,0,0,0,0,0,0
Cody Zeller,25,12584270,5318313,4204200,0,0,0,0,0,0,0,0,0,0,0,0,0,0,0,0
Kemba Walker,27,12000000,12000000,12000000,0,0,0,0,0,0,0,0,0,0,0,0,0,0,0,0
Jeremy Lamb,25,7000000,6511628,3034356,2202000,2111160,2020200,0,0,0,0,0,0,0,0,0,0,0,0,0
Malik Monk,20,2904480,0,0,0,0,0,0,0,0,0,0,0,0,0,0,0,0,0,0
Frank Kaminsky,24,2847600,2730000,2612500,0,0,0,0,0,0,0,0,0,0,0,0,0,0,0,0
Michael Carter-Williams,26,2700000,3183526,2399040,2300040,2200920,0,0,0,0,0,0,0,0,0,0,0,0,0,0
Julyan Stone,29,1524305,50000,0,0,0,762195,473604,0,0,0,0,0,0,0,0,0,0,0,0
Willy Hernangomez,23,1435750,1375000,0,0,0,0,0,0,0,0,0,0,0,0,0,0,0,0,0
Treveon Graham,24,1312611,543471,75000,0,0,0,0,0,0,0,0,0,0,0,0,0,0,0,0
Dwayne Bacon,22,815615,0,0,0,0,0,0,0,0,0,0,0,0,0,0,0,0,0,0
Robin Lopez,29,13788500,13219250,13000000,6124728,5904261,4899293,2862602,0,1745520,1623720,0,0,0,0,0,0,0,0,0
Omer Asik,31,10595505,9904494,11000000,8374646,8374646,0,1857500,1721000,0,0,0,0,0,0,0,0,0,0,0
Cristiano Felicio,25,7843500,874636,525090,0,0,0,0,0,0,0,0,0,0,0,0,0,0,0,0
Justin Holiday,28,4615385,1015696,947300,816482,0,0,0,0,0,0,0,0,0,0,0,0,0,0,0
Kris Dunn,24,4046760,3872520,0,0,0,0,0,0,0,0,0,0,0,0,0,0,0,0,0
Lauri Markkanen,20,3821640,0,0,0,0,0,0,0,0,0,0,0,0,0,0,0,0,0,0
Noah Vonleh,22,3505233,2751360,2637720,0,0,0,0,0,0,0,0,0,0,0,0,0,0,0,0
Zach LaVine,23,3202217,2240880,2148360,2055840,0,0,0,0,0,0,0,0,0,0,0,0,0,0,0
Cameron Payne,23,2203440,2112480,2021520,0,0,0,0,0,0,0,0,0,0,0,0,0,0,0,0
Denzel Valentine,24,2186400,2092200,0,0,0,0,0,0,0,0,0,0,0,0,0,0,0,0,0
Jerian Grant,25,1713840,1643040,1572360,0,0,0,0,0,0,0,0,0,0,0,0,0,0,0,0
Bobby Portis,23,1516320,1453680,1391160,0,0,0,0,0,0,0,0,0,0,0,0,0,0,0,0
Paul Zipser,24,1312611,750000,0,0,0,0,0,0,0,0,0,0,0,0,0,0,0,0,0
David Nwaba,25,1312611,137466,0,0,0,0,0,0,0,0,0,0,0,0,0,0,0,0,0
Dwyane Wade,36,15550000,23200000,20000000,15000000,18673000,17182000,15691000,0,15779912,0,13041250,0,3031920,2834160,2636400,0,0,0,0
Quincy Pondexter,30,3853931,3617978,3382023,3146068,2225479,1234320,1153800,1073280,0,0,0,0,0,0,0,0,0,0,0
Rajon Rondo,32,3000000,14000000,9500000,12909091,11954545,0,10045455,9090911,2094922,1315080,0,0,0,0,0,0,0,0,0
Tony Allen,36,2116955,5505618,5168539,4831461,4494382,3300000,3150000,3000000,2500000,2500000,0,0,969696,901920,0,0,0,0,0
Willie Reed,27,1577230,1015696,947276,0,0,0,0,0,0,0,0,0,0,0,0,0,0,0,0
Kay Felder,23,1312611,543471,0,0,0,0,0,0,0,0,0,0,0,0,0,0,0,0,0
Isaiah Canaan,26,200000,1015696,947276,816482,0,0,0,0,0,0,0,0,0,0,0,0,0,0,0
LeBron James,33,33285709,30963450,22971000,20644400,19067500,17545000,16022500,0,15779912,14410581,13041250,5828090,4621800,4320360,4018920,0,0,0,0
Kevin Love,29,22642350,21165675,19500000,15719062,14693906,13668750,4609701,3638280,3401040,3163680,0,0,0,0,0,0,0,0,0
George Hill,31,20000000,8000000,8000000,8000000,8000000,8000000,2086360,1157160,1081680,1006200,0,0,0,0,0,0,0,0,0
Tristan Thompson,27,16400000,15330435,14260870,5138430,4062000,4006080,3726600,0,0,0,0,0,0,0,0,0,0,0,0
J.R. Smith,32,13760000,12800000,5000000,6516000,5565000,2806452,2382353,6757851,5508426,4985001,2134067,0,1297080,1206600,0,0,0,0,0
Jordan Clarkson,25,11562500,12500000,845059,507336,0,0,0,0,0,0,0,0,0,0,0,0,0,0,0
Kyle Korver,37,7000000,5239437,5746479,6253521,6760563,5000000,5000000,5000000,5155115,4956818,4400000,4018182,3630363,620046,0,0,0,0,0
Cedi Osman,22,2642857,0,0,0,0,0,0,0,0,0,0,0,0,0,0,0,0,0,0
Rodney Hood,25,2386864,1406520,1348440,1290360,0,0,0,0,0,0,0,0,0,0,0,0,0,0,0
Jose Calderon,36,2328652,392478,7402812,7097191,6791570,0,9780992,9000000,8219009,7438018,2471604,2333334,2190000,0,0,0,0,0,0
Jeff Green,31,2116955,15000000,9200000,9445000,8965000,0,0,4455988,3516960,3287640,3058200,0,0,0,0,0,0,0,0
Ante Zizic,21,1645200,0,0,0,0,0,0,0,0,0,0,0,0,0,0,0,0,0,0
Larry Nance,25,1471382,0,0,0,0,0,0,0,0,0,0,0,0,0,0,0,0,0,0
Harrison Barnes,25,23112004,22116750,3873398,3049920,2923920,2798040,0,0,0,0,0,0,0,0,0,0,0,0,0
Wesley Matthews,31,17884176,17100000,16400000,7245640,6875480,6505320,6135160,5765000,457588,0,0,0,0,0,0,0,0,0,0
Dwight Powell,26,9003125,8375000,845059,507336,0,0,0,0,0,0,0,0,0,0,0,0,0,0,0
Dirk Nowitzki,39,5000000,25000000,8333334,7974482,22721381,20907128,19092873,17278618,19795714,18077904,16360094,0,13843156,12584688,0,10067750,2157595,1693560,0
Nerlens Noel,23,4187599,4384490,3457800,3315120,3172320,0,0,0,0,0,0,0,0,0,0,0,0,0,0
J.J. Barea,33,3903900,4096950,4000000,0,0,0,0,0,0,0,0,0,0,0,0,0,0,0,0
Doug McDermott,26,3294994,2483040,2380440,0,0,0,0,0,0,0,0,0,0,0,0,0,0,0,0
Dennis Smith,20,3218280,0,0,0,0,0,0,0,0,0,0,0,0,0,0,0,0,0,0
Seth Curry,27,3028410,2898000,947276,100000,0,0,0,0,0,0,0,0,0,0,0,0,0,0,0
Salah Mejri,31,1471382,874636,525093,0,0,0,0,0,0,0,0,0,0,0,0,0,0,0,0
Yogi Ferrell,24,1312611,239767,0,0,0,0,0,0,0,0,0,0,0,0,0,0,0,0,0
Dorian Finney-Smith,24,1312611,543471,0,0,0,0,0,0,0,0,0,0,0,0,0,0,0,0,0
Maxi Kleber,26,815615,0,0,0,0,0,0,0,0,0,0,0,0,0,0,0,0,0,0
Josh McRoberts,31,6021175,5782450,5543725,5305000,0,0,3000000,885120,825497,711517,427163,0,0,0,0,0,0,0,0
Jeff Withey,28,1577320,1015696,947276,816482,0,0,0,0,0,0,0,0,0,0,0,0,0,0,0
Gal Mekel,30,315760,315760,315760,816482,0,0,0,0,0,0,0,0,0,0,0,0,0,0,0
Gian Clavell,24,50000,0,0,0,0,0,0,0,0,0,0,0,0,0,0,0,0,0,0
Paul Millsap,33,31269231,20072033,0,9500000,9500000,8603633,8103435,7600000,7692932,797581,687456,0,0,0,0,0,0,0,0
Mason Plumlee,28,14041096,2328530,1415520,1357080,1298640,0,0,0,0,0,0,0,0,0,0,0,0,0,0
Kenneth Faried,28,12921348,12078652,11235955,2249768,1367640,1348800,1254720,0,0,0,0,0,0,0,0,0,0,0,0
Wilson Chandler,30,12016854,11200000,10500000,6757913,6344164,5930414,0,2130482,1255440,1173480,1091640,0,0,0,0,0,0,0,0
Darrell Arthur,30,7464912,8070175,2814000,3457149,3231683,3006217,2027119,1123680,1050480,977160,0,0,0,0,0,0,0,0,0
Devin Harris,35,4402546,4228000,4053000,3878000,1272279,8500000,9319000,8981000,8400000,7800000,3995003,0,2947440,2741880,0,0,0,0,0
Will Barton,27,3533333,3533333,3333333,915243,788872,550000,0,0,0,0,0,0,0,0,0,0,0,0,0
Jamal Murray,21,3355320,3210840,0,0,0,0,0,0,0,0,0,0,0,0,0,0,0,0,0
Gary Harris,23,2550055,1655880,1587480,1519200,0,0,0,0,0,0,0,0,0,0,0,0,0,0,0
Trey Lyles,22,2441400,2340600,2239800,0,0,0,0,0,0,0,0,0,0,0,0,0,0,0,0
Juan Hernangomez,22,2076840,1987440,0,0,0,0,0,0,0,0,0,0,0,0,0,0,0,0,0
Malik Beasley,21,1700640,1627320,0,0,0,0,0,0,0,0,0,0,0,0,0,0,0,0,0
Tyler Lydon,21,1579440,0,0,0,0,0,0,0,0,0,0,0,0,0,0,0,0,0,0
Nikola Jokic,23,1471382,1358500,1300000,0,0,0,0,0,0,0,0,0,0,0,0,0,0,0,0
Jameer Nelson,36,4736050,4540525,4500000,2732000,8600000,8600000,7800000,7800000,6138888,7700000,1961609,1272120,1189200,1106160,0,0,0,0,0
Blake Griffin,29,29512900,20140838,18907725,17674612,16441500,7226892,5731080,5357280,4983480,0,0,0,0,0,0,0,0,0,0
Andre Drummond,24,23775506,22116750,3272091,2568360,2462400,0,0,0,0,0,0,0,0,0,0,0,0,0,0
Reggie Jackson,27,16000000,14956522,14000000,2204370,1260360,1243080,1156320,0,0,0,0,0,0,0,0,0,0,0,0
Jon Leuer,28,10497319,10991957,1035000,967500,0,762195,473604,0,0,0,0,0,0,0,0,0,0,0,0
Langston Galloway,26,6666667,5200000,845059,235762,0,0,0,0,0,0,0,0,0,0,0,0,0,0,0
Ish Smith,29,6000000,6000000,1100602,981084,0,0,0,0,0,0,0,0,0,0,0,0,0,0,0
Anthony Tolliver,32,3290000,8000000,3000000,3000000,0,915852,2050000,2200000,359546,26007,0,0,0,0,0,0,0,0,0
Stanley Johnson,21,3097800,2969880,2841960,0,0,0,0,0,0,0,0,0,0,0,0,0,0,0,0
James Ennis,27,3028410,2898000,845059,507336,0,0,0,0,0,0,0,0,0,0,0,0,0,0,0
Luke Kennard,21,2759280,0,0,0,0,0,0,0,0,0,0,0,0,0,0,0,0,0,0
Reggie Bullock,27,2500000,2255644,1252440,1200720,1149000,0,0,0,0,0,0,0,0,0,0,0,0,0,0
Henry Ellenson,21,1780800,1704120,0,0,0,0,0,0,0,0,0,0,0,0,0,0,0,0,0
Eric Moreland,26,1739333,0,845059,507336,0,0,0,0,0,0,0,0,0,0,0,0,0,0,0
Josh Smith,32,5400000,5400000,5400000,14000000,13500000,13200000,12400000,11600000,10800000,10000000,2243543,1460640,1365360,1270080,0,0,0,0,0
Michael Gbinije,25,500000,650000,0,0,0,0,0,0,0,0,0,0,0,0,0,0,0,0,0
Aaron Gray,33,452059,452059,452059,1227985,2690875,2575000,2500000,1028840,1000497,711517,427163,0,0,0,0,0,0,0,0
Beno Udrih,35,25000,1551659,2170465,2077000,1272279,7372000,6925400,6478600,6031800,5585000,1747096,967920,0,0,0,0,0,0,0
Stephen Curry,30,34682550,12112359,11370786,10629213,9887642,3958742,3117120,2913840,2710560,0,0,0,0,0,0,0,0,0,0
Kevin Durant,29,25000000,26540100,20158622,18995624,17832627,16669630,15506632,6053663,4796880,4484040,4171200,0,0,0,0,0,0,0,0
Klay Thompson,28,17826150,16663575,15500000,3075880,2317920,2286000,2126520,0,0,0,0,0,0,0,0,0,0,0,0
Draymond Green,28,16400000,15330435,14300000,915243,875500,850000,0,0,0,0,0,0,0,0,0,0,0,0,0
Andre Iguodala,34,14814815,11131368,11710456,12289544,12868632,14968250,13531750,12345250,12200000,11300000,0,2201640,2058000,1914480,0,0,0,0,0
Shaun Livingston,32,7692308,5782450,5543725,5305000,1272279,768720,3500000,0,296695,370000,4404629,3481920,3254880,3027840,0,0,0,0,0
Nick Young,32,5192000,5443918,5219169,4994420,1106942,5600000,3695857,2630503,1714800,1602960,1491240,0,0,0,0,0,0,0,0
Zaza Pachulia,34,3477600,2898000,5200000,5200000,5200000,5248750,4750000,4251250,4750000,4000000,4000000,4000000,4000000,620046,366931,0,0,0,0
David West,37,2328652,1551659,1499000,12000000,12000000,10000000,10000000,8287500,9075000,9862500,10650000,2051938,1334160,1247160,1160160,0,0,0,0
JaVale McGee,30,2116955,1403611,1270964,11250000,10750000,10000000,2462400,1601040,1496640,1392240,0,0,0,0,0,0,0,0,0
Omri Casspi,29,2106470,138414,3000000,1063384,947907,2277306,1341960,1254480,1167000,0,0,0,0,0,0,0,0,0,0
Kevon Looney,22,1471382,1182840,1131960,0,0,0,0,0,0,0,0,0,0,0,0,0,0,0,0
Patrick McCaw,22,1312611,543471,0,0,0,0,0,0,0,0,0,0,0,0,0,0,0,0,0
Damian Jones,22,1312611,1171560,0,0,0,0,0,0,0,0,0,0,0,0,0,0,0,0,0
Jordan Bell,23,815615,0,0,0,0,0,0,0,0,0,0,0,0,0,0,0,0,0,0
Jason Thompson,31,945126,945126,6431250,6037500,5643750,5250000,3001284,2178000,2035920,1893840,0,0,0,0,0,0,0,0,0
James Harden,28,28299399,26540100,15756438,14728844,13701250,0,4604760,4304520,4054160,0,0,0,0,0,0,0,0,0,0
Chris Paul,32,24599495,22868827,21468696,20068563,18668431,17779458,16359805,14940153,13520500,4574189,3615960,3380160,3144240,0,0,0,0,0,0
Ryan Anderson,29,19578455,18735364,8500000,8491500,8308500,8700000,2244601,1409040,1317120,1225200,0,0,0,0,0,0,0,0,0
Eric Gordon,29,12943020,12385364,15514031,14898938,14283844,13668750,3831184,3016680,2819880,2623200,0,0,0,0,0,0,0,0,0
P.J. Tucker,32,7590035,5300000,5500000,5700000,884293,762195,0,0,0,0,0,412718,0,0,0,0,0,0,0
Trevor Ariza,32,7420912,7806971,8193030,8579089,7727280,7258960,6790640,6322320,5854000,3100000,3100000,3100000,682051,385277,0,0,0,0,0
Nene Hilario,35,3477600,2898000,13000000,13000000,0,0,0,0,0,0,0,0,0,0,0,0,0,0,0
Tarik Black,26,3290000,6191000,845059,507336,0,0,0,0,0,0,0,0,0,0,0,0,0,0,0
Clint Capela,23,2334520,1296240,1242720,1189200,0,0,0,0,0,0,0,0,0,0,0,0,0,0,0
Luc Mbah a Moute,31,2116955,2203000,1270964,4382576,4588384,4795192,5000000,854389,736420,757000,0,0,0,0,0,0,0,0,0
Chinanu Onuaku,21,1312611,543471,0,0,0,0,0,0,0,0,0,0,0,0,0,0,0,0,0
Zhou Qi,22,815615,0,0,0,0,0,0,0,0,0,0,0,0,0,0,0,0,0,0
Joe Johnson,36,10505000,11000000,414481,23180790,21466718,19752645,18038573,16324500,14976754,14232567,13488377,12744189,12000000,2358954,1850160,1729560,1608840,0,0
Bobby Brown,33,1524305,934293,0,0,0,0,0,0,736420,442114,0,0,0,0,0,0,0,0,0
Troy Williams,23,1471382,181969,0,0,0,0,0,0,0,0,0,0,0,0,0,0,0,0,0
Cameron Oliver,21,300000,0,0,0,0,0,0,0,0,0,0,0,0,0,0,0,0,0,0
Briante Weber,25,50000,231521,30888,0,0,0,0,0,0,0,0,0,0,0,0,0,0,0,0
Chris Johnson,27,25000,0,981348,107674,916099,61290,762195,136509,0,0,0,0,0,0,0,0,0,0,0
Victor Oladipo,25,21000000,6552960,5192520,4978200,4763760,0,0,0,0,0,0,0,0,0,0,0,0,0,0
Thaddeus Young,29,14796348,14153652,11200000,9410870,8600000,8289130,7478261,2901241,2105400,1968120,0,0,0,0,0,0,0,0,0
Bojan Bogdanovic,28,10500000,3730653,3425510,3278000,0,0,0,0,0,0,0,0,0,0,0,0,0,0,0
Darren Collison,30,10000000,5229454,5013559,4797664,1900000,2319344,1455960,1361040,1266120,0,0,0,0,0,0,0,0,0,0
Al Jefferson,33,9769821,10230179,13833333,0,0,15000000,14000000,13000000,12000000,11000000,2480885,0,1512840,1407240,0,0,0,0,0
Cory Joseph,26,7630000,7330000,7000000,2023261,1120920,1105560,1028400,0,0,0,0,0,0,0,0,0,0,0,0
Lance Stephenson,27,4180000,4000000,9000000,0,1005000,870000,810000,750000,0,0,0,0,0,0,0,0,0,0,0
Myles Turner,22,2569920,2463840,2357760,0,0,0,0,0,0,0,0,0,0,0,0,0,0,0,0
Domantas Sabonis,21,2550000,2440200,0,0,0,0,0,0,0,0,0,0,0,0,0,0,0,0,0
T.J. Leaf,20,2028360,0,0,0,0,0,0,0,0,0,0,0,0,0,0,0,0,0,0
Glenn Robinson,24,1524305,1050500,845000,507336,0,0,0,0,0,0,0,0,0,12071250,0,9860000,8990000,8120000,0
Joe Young,25,1471382,1052342,0,0,0,0,0,0,0,0,0,0,0,0,0,0,0,0,0
Ike Anigbogu,19,950000,0,0,0,0,0,0,0,0,0,0,0,0,0,0,0,0,0,0
Monta Ellis,32,2245400,10770000,10300000,8360000,8000000,11000000,11000000,11000000,11000000,0,770610,664209,448762,0,0,0,0,0,0
Damien Wilkins,38,2116955,0,0,0,0,1223166,1146337,748656,3300000,3100000,2900000,2700000,2500000,385277,0,0,0,0,0
Rakeem Christmas,26,172552,1052342,1000000,0,0,0,0,0,0,0,0,0,0,0,0,0,0,0,0
Georges Niang,24,100000,650000,0,0,0,0,0,0,0,0,0,0,0,0,0,0,0,0,0
DeAndre Jordan,29,22642350,21165675,19500000,11440124,10986550,10532977,10079404,854389,736420,550000,0,0,0,0,0,0,0,0,0
Danilo Gallinari,29,20559599,15050000,14000000,10854850,10146925,9439000,4190182,3304560,3089040,2873520,0,0,0,0,0,0,0,0,0
Tobias Harris,25,16000000,17200000,16000000,2380594,1545840,1524480,1418160,0,0,0,0,0,0,0,0,0,0,0,0
Austin Rivers,25,11825000,11000000,3100000,2439840,2339040,2238360,0,0,0,0,0,0,0,0,0,0,0,0,0
Avery Bradley,27,8808989,8269663,7730337,7191011,2511432,0,1524480,1418160,0,0,0,0,0,0,0,0,0,0,0
Boban Marjanovic,29,7000000,7000000,1200000,0,0,0,0,0,0,0,0,0,0,0,0,0,0,0,0
Lou Williams,31,7000000,7000000,7000000,5450000,0,0,0,0,0,0,0,0,0,0,0,0,0,0,0
Milos Teodosic,31,6000000,0,0,0,0,0,0,0,0,0,0,0,0,0,0,0,0,0,0
Wesley Johnson,30,5881260,5628000,1100600,981084,916099,4285560,4006080,3726600,0,0,0,0,0,0,0,0,0,0,0
Patrick Beverley,29,5513514,6000000,6500000,915243,788872,0,0,0,0,0,0,0,0,0,0,0,0,0,0
Sam Dekker,23,1794600,1720560,1646400,0,0,0,0,0,0,0,0,0,0,0,0,0,0,0,0
Montrezl Harrell,24,1471382,1045000,1000000,0,0,0,0,0,0,0,0,0,0,0,0,0,0,0,0
Jawun Evans,21,815615,0,0,0,0,0,0,0,0,0,0,0,0,0,0,0,0,0,0
Sindarius Thornwell,23,815615,0,0,0,0,0,0,0,0,0,0,0,0,0,0,0,0,0,0
Paul Pierce,40,1096080,3500000,3400000,5305000,15333334,0,15333334,13876321,19795712,18077903,0,0,13843156,12584688,11326219,10067750,2051271,1608840,0
Carlos Delfino,35,650000,650000,650000,650000,3250000,0,3500000,3500000,3500000,0,1868141,1037280,969696,901920,0,0,0,0,0
Jordan Farmar,31,510921,510921,191456,2077000,1106941,1500000,4000000,3750000,1947240,1080000,1009560,939120,0,0,0,0,0,0,0
Miroslav Raduljica,30,300000,300000,300000,300000,0,0,0,0,0,0,0,0,0,0,0,0,0,0,0
Brook Lopez,29,22642350,21165675,20000000,15719063,14693906,13668750,3076983,2413320,2225880,2098560,0,0,0,0,0,0,0,0,0
Kentavious Caldwell-Pope,25,17745894,3678319,2891760,2772480,2653080,0,0,0,0,0,0,0,0,0,0,0,0,0,0
Luol Deng,32,17190000,18000000,10151612,9714461,14275000,13305000,12325000,11345000,10370425,9385000,3320339,2614440,2443920,0,0,0,0,0,0
Channing Frye,34,7420912,7806971,7807579,8175476,6400000,6000000,5600000,0,2000000,3163769,2487240,0,2162880,0,0,0,0,0,0
Lonzo Ball,20,6286560,0,0,0,0,0,0,0,0,0,0,0,0,0,0,0,0,0,0
Isaiah Thomas,29,6261395,6587132,6912869,7238606,884293,762195,473604,0,0,0,0,0,0,0,0,0,0,0,0
Brandon Ingram,20,5519400,5281680,0,0,0,0,0,0,0,0,0,0,0,0,0,0,0,0,0
Julius Randle,23,4149242,3267120,3132240,2997360,0,0,0,0,0,0,0,0,0,0,0,0,0,0,0
Tyler Ennis,23,1524305,1733880,1662360,1590720,0,0,0,0,0,0,0,0,0,0,0,0,0,0,0
Kyle Kuzma,22,1423560,0,0,0,0,0,0,0,0,0,0,0,0,0,0,0,0,0,0
Josh Hart,23,1394520,0,0,0,0,0,0,0,0,0,0,0,0,0,0,0,0,0,0
Ivica Zubac,21,1312611,1034956,0,0,0,0,0,0,0,0,0,0,0,0,0,0,0,0,0
Thomas Bryant,20,815615,0,0,0,0,0,0,0,0,0,0,0,0,0,0,0,0,0,0
Corey Brewer,32,7579366,7600000,8200000,4702500,4500000,3243000,3059000,3703472,2916120,2725920,2535720,0,0,0,0,0,0,0,0
Andrew Bogut,33,2328652,242224,12000000,12972973,14000000,13000000,12000000,11000000,10000000,6294310,4991520,4665960,4340520,0,0,0,0,0,0
Stephen Zimmerman,21,1312611,950000,0,0,0,0,0,0,0,0,0,0,0,0,0,0,0,0,0
Vander Blue,25,50000,0,0,0,0,0,0,0,0,0,0,0,0,0,0,0,0,0,0
V.J. Beachem,23,50000,0,0,0,0,0,0,0,0,0,0,0,0,0,0,0,0,0,0
Nigel Hayes,23,50000,0,0,0,0,0,0,0,0,0,0,0,0,0,0,0,0,0,0
Mike Conley,30,28530608,26540100,9588426,8894216,8000001,7305786,6611571,4913007,3883800,3630480,3377160,0,0,0,0,0,0,0,0
Chandler Parsons,29,23112004,22116750,15361500,14700000,926500,0,850000,0,0,0,0,0,0,0,0,0,0,0,0
Marc Gasol,33,22642350,21165675,19700000,15829688,14860523,13891359,12922194,3480000,3240000,3093333,0,0,0,0,0,0,0,0,0
JaMychal Green,27,8533333,980431,845059,59686,0,0,0,0,0,0,0,0,0,0,0,0,0,0,0
Ben McLemore,25,5200000,4008882,3156600,3026280,2895960,0,0,0,0,0,0,0,0,0,0,0,0,0,0
Tyreke Evans,28,3290000,10661286,11227000,10763500,10300000,5251825,4151640,3880920,3610080,0,0,0,0,0,0,0,0,0,0
Mario Chalmers,31,2106407,0,4300000,4000000,4000000,4000000,4000000,0,773500,0,0,0,0,0,0,0,0,0,0
Jarell Martin,23,1471382,1286160,1230840,0,0,0,0,0,0,0,0,0,0,0,0,0,0,0,0
Andrew Harrison,23,1312611,945000,0,0,0,0,0,0,0,0,0,0,0,0,0,0,0,0,0
Wayne Selden,23,1312611,83119,0,0,0,0,0,0,0,0,0,0,0,0,0,0,0,0,0
Deyonta Davis,21,1312611,1369229,0,0,0,0,0,0,0,0,0,0,0,0,0,0,0,0,0
Ivan Rabb,21,950000,0,0,0,0,0,0,0,0,0,0,0,0,0,0,0,0,0,0
Dillon Brooks,22,815615,0,0,0,0,0,0,0,0,0,0,0,0,0,0,0,0,0,0
Brandan Wright,30,5955760,5700000,5500000,5000000,5000000,0,0,3398072,2671440,0,2323080,0,0,0,0,0,0,0,0
Wade Baldwin,22,1874400,1793760,0,0,0,0,0,0,0,0,0,0,0,0,0,0,0,0,0
Brice Johnson,23,1331160,1273920,0,0,0,0,0,0,0,0,0,0,0,0,0,0,0,0,0
Rade Zagorac,22,950000,0,0,0,0,0,0,0,0,0,0,0,0,0,0,0,0,0,0
Hassan Whiteside,28,23775506,22116750,981348,769881,0,0,762195,730437,0,0,0,0,0,0,0,0,0,0,0
Goran Dragic,31,17000450,15890000,14780000,7500000,7500000,7500000,2108000,1972000,1836000,1700000,0,0,0,0,0,0,0,0,0
James Johnson,31,13954000,4000000,2500000,2500000,0,2812006,1833120,1713600,1594080,0,0,0,0,0,0,0,0,0,0
Dion Waiters,26,11000000,2898000,5138430,4062000,3894240,3726600,0,0,0,0,0,0,0,0,0,0,0,0,0
Kelly Olynyk,26,10607169,3094014,2165160,2075760,1986360,0,0,0,0,0,0,0,0,0,0,0,0,0,0
Wayne Ellington,30,6270000,6000000,1500000,1063384,2652000,2083042,1154040,1078800,1003560,0,0,0,0,0,0,0,0,0,0
Tyler Johnson,25,5881260,5628000,845059,507336,0,0,0,0,0,0,0,0,0,0,0,0,0,0,0
Justise Winslow,22,2705040,2593440,2481720,0,0,0,0,0,0,0,0,0,0,0,0,0,0,0,0
Bam Adebayo,20,2490360,0,0,0,0,0,0,0,0,0,0,0,0,0,0,0,0,0,0
Udonis Haslem,37,2328652,4000000,2854940,2732000,4340000,4060000,3780000,0,7100000,0,6050000,0,5000000,620046,366931,0,0,0,0
Luke Babbitt,28,1974159,1227000,1100000,981084,0,1892280,1768800,1645440,0,0,0,0,0,0,0,0,0,0,0
Josh Richardson,24,1471382,874636,525093,0,0,0,0,0,0,0,0,0,0,0,0,0,0,0,0
Jordan Mickey,23,1471382,1223653,1200000,0,0,0,0,0,0,0,0,0,0,0,0,0,0,0,0
Rodney McGruder,26,1312611,543471,0,0,0,0,0,0,0,0,0,0,0,0,0,0,0,0,0
Chris Bosh,34,25289390,23741060,22192730,20644400,19067500,17545000,16022500,0,15779912,14410581,12455000,4235220,3348000,3129720,2911320,0,0,0,0
A.J. Hammons,25,1312611,650000,0,0,0,0,0,0,0,0,0,0,0,0,0,0,0,0,0
Giannis Antetokounmpo,23,22471910,2995421,1953960,1873200,1792560,0,0,0,0,0,0,0,0,0,0,0,0,0,0
Eric Bledsoe,28,14500000,14000000,13086957,12173913,2626473,1707720,1596360,1485000,0,0,0,0,0,0,0,0,0,0,0
Khris Middleton,26,14100000,15200000,15000000,915243,788872,0,0,0,0,0,0,0,0,0,0,0,0,0,0
John Henson,27,11422536,12517606,2943221,1987320,1905360,1823280,0,0,0,0,0,0,0,0,0,0,0,0,0
Tony Snell,26,9821429,2368327,1535880,0,1409040,0,0,0,0,0,0,0,0,0,0,0,0,0,0
Matthew Dellavedova,27,9607500,9607500,1147280,816482,0,0,0,0,0,0,0,0,0,0,0,0,0,0,0
Jabari Parker,23,6782392,5374320,5152440,4930560,0,0,0,0,0,0,0,0,0,0,0,0,0,0,0
Thon Maker,21,2684160,2568600,0,0,0,0,0,0,0,0,0,0,0,0,0,0,0,0,0
Jason Terry,40,2328652,1551659,1499187,5850313,5625313,0,11158000,10650000,9862500,9196000,8898000,0,6666667,7500000,8333333,2153934,1689360,1579080,0
D.J. Wilson,22,2135040,0,0,0,0,0,0,0,0,0,0,0,0,0,0,0,0,0,0
Tyler Zeller,28,1709538,8000000,2616975,1703760,1633440,1563120,0,0,0,0,0,0,0,0,0,0,0,0,0
Malcolm Brogdon,25,1312611,925000,0,0,0,0,0,0,0,0,0,0,0,0,0,0,0,0,0
Sterling Brown,23,815615,0,0,0,0,0,0,0,0,0,0,0,0,0,0,0,0,0,0
Mirza Teletovic,32,10500000,10500000,5500000,3368100,3229050,3090000,0,0,0,0,0,0,0,0,0,0,0,0,0
Spencer Hawes,29,6021175,6348759,5543725,5305000,6500000,8500000,4051024,2974320,2332800,2180760,0,0,0,0,0,0,0,0,0
Larry Sanders,29,1865547,207722,1865547,11000000,3053368,1991760,1861920,1731960,0,0,0,0,0,0,0,0,0,0,0
Jalen Moore,22,50000,0,0,0,0,0,0,0,0,0,0,0,0,0,0,0,0,0,0
Joel Bolomboy,24,1312611,600000,0,0,0,0,0,0,0,0,0,0,0,0,0,0,0,0,0
Jimmy Butler,28,19301070,17552209,15260000,0,1112880,1097520,1020960,0,0,0,0,0,0,0,0,0,0,0,0
Jeff Teague,29,19000000,8800000,8000000,8000000,8000000,2433077,1579920,1476840,1373880,0,0,0,0,0,0,0,0,0,0
Gorgui Dieng,28,14112360,2348783,1474440,1413480,1352640,0,0,0,0,0,0,0,0,0,0,0,0,0,0
Taj Gibson,32,14000000,8950000,8500000,0,7550000,2155811,1195680,1117680,1039800,0,0,0,0,0,0,0,0,0,0
Andrew Wiggins,23,7574322,6006600,5758680,5510640,0,0,0,0,0,0,0,0,0,0,0,0,0,0,0
Cole Aldrich,29,7300000,7643979,1100600,981084,0,2445480,2286000,2126520,0,0,0,0,0,0,0,0,0,0,0
Karl-Anthony Towns,22,6216840,5960160,5703600,0,0,0,0,0,0,0,0,0,0,0,0,0,0,0,0
Nemanja Bjelica,29,3949999,3800000,4000000,0,0,0,0,0,0,0,0,0,0,0,0,0,0,0,0
Justin Patton,20,2247480,0,0,0,0,0,0,0,0,0,0,0,0,0,0,0,0,0,0
Aaron Brooks,33,2116955,2700000,2000000,0,1027424,3250000,0,0,1118520,1045560,0,0,0,0,0,0,0,0,0
Tyus Jones,21,1471382,1339680,1282080,0,0,0,0,0,0,0,0,0,0,0,0,0,0,0,0
Marcus Georges-Hunt,24,1312611,25000,0,0,0,0,0,0,0,0,0,0,0,0,0,0,0,0,0
Nikola Pekovic,32,11600000,12100000,12100000,12100000,12100000,4837200,4503600,4000000,0,0,0,0,0,0,0,0,0,0,0
Shabazz Muhammad,25,1577230,3046299,2056920,1971960,1887120,0,0,0,0,0,0,0,0,0,0,0,0,0,0
Kevin Martin,35,1360305,1360305,7085000,6792500,6500000,12439675,11519840,11100005,10180170,8760335,0,1002840,937440,872040,0,0,0,0,0
Jrue Holiday,27,25686667,11286518,10595507,9904495,9213484,2674852,1741440,1627920,1514280,0,0,0,0,0,0,0,0,0,0
Anthony Davis,25,23775506,22116750,7070730,5607240,5375760,5144280,0,0,0,0,0,0,0,0,0,0,0,0,0
DeMarcus Cousins,27,18063850,16957900,14728844,13701250,4916974,3880800,3627720,3374640,0,0,0,0,0,0,0,0,0,0,0
Nikola Mirotic,27,12500000,5782450,5543725,0,0,0,0,0,0,0,0,0,0,0,0,0,0,0,0
Solomon Hill,27,12236535,11241218,1358880,1302840,1246680,0,0,0,0,0,0,0,0,0,0,0,0,0,0
Alexis Ajinca,29,4961798,4600000,4300000,981084,0,0,0,1467840,0,0,0,0,0,0,0,0,0,0,0
Darius Miller,28,2100000,0,0,400000,788872,473604,0,0,0,0,0,0,0,0,0,0,0,0,0
Ian Clark,27,1577230,1015696,947276,816482,0,0,0,0,0,0,0,0,0,0,0,0,0,0,0
Cheick Diallo,21,1312611,543471,0,0,0,0,0,0,0,0,0,0,0,0,0,0,0,0,0
Frank Jackson,19,815615,0,0,0,0,0,0,0,0,0,0,0,0,0,0,0,0,0,0
Rashad Vaughn,21,1889040,1811040,1733040,0,0,0,0,0,0,0,0,0,0,0,0,0,0,0,0
Jordan Crawford,29,250000,234915,0,0,2162419,0,1120440,1042320,0,0,0,0,0,0,0,0,0,0,0
Axel Toupane,25,25000,51449,123552,0,0,0,0,0,0,0,0,0,0,0,0,0,0,0,0
Enes Kanter,25,20566802,17145838,16400000,5694674,4505280,4443360,4133280,0,0,0,0,0,0,0,0,0,0,0,0
Joakim Noah,33,17765000,17000000,13400000,0,11100000,11300000,12000000,3128536,2455680,2295480,2135400,0,0,0,0,0,0,0,0
Tim Hardaway,26,16500000,2281605,1304520,1250640,1196760,0,0,0,0,0,0,0,0,0,0,1000000,3360390,12000000,0
Courtney Lee,32,11747890,11242000,5675000,5450000,5225000,0,2225093,1409040,1264440,1176240,0,0,0,0,0,0,0,0,0
Lance Thomas,29,6655325,6191000,1650000,403784,884293,762195,328444,0,0,0,0,0,0,0,0,0,0,0,0
Kristaps Porzingis,22,4503600,4317720,4131720,0,0,0,0,0,0,0,0,0,0,0,0,0,0,0,0
Ron Baker,25,4328000,543471,0,0,0,0,0,0,0,0,0,0,0,0,0,0,0,0,0
Frank Ntilikina,19,3501120,0,0,0,0,0,0,0,0,0,0,0,0,0,0,0,0,0,0
Emmanuel Mudiay,22,3381480,3241800,3102240,0,0,0,0,0,0,0,0,0,0,0,0,0,0,0,0
Jarrett Jack,34,2328652,1551659,6300000,6300000,6300000,5400000,5000000,4600000,4500000,2002623,1217400,1137960,1058640,0,0,0,0,0,0
Michael Beasley,29,2116955,1403611,306527,330226,1027424,5750000,6262347,4962240,4638600,0,0,0,0,0,0,0,0,0,0
Damyean Dotson,23,1100000,0,0,0,0,0,0,0,0,0,0,0,0,0,0,0,0,0,0
Mindaugas Kuzminskas,28,3025035,2898000,0,0,0,0,0,0,0,0,0,0,0,0,0,0,0,0,0
Ramon Sessions,31,2328652,6000000,2170465,2077000,0,0,4257973,3964320,3670667,722517,427163,0,0,0,0,0,0,0,0
Chasson Randle,25,1312611,243860,0,0,0,0,0,0,0,0,0,0,0,0,0,0,0,0,0
Marshall Plumlee,25,100000,543471,0,0,0,0,0,0,0,0,0,0,0,0,0,0,0,0,0
Russell Westbrook,29,28530608,26540100,16744218,15719062,14693906,13668750,5082416,4017720,3755640,3493680,0,0,0,0,0,0,0,0,0
Carmelo Anthony,33,26243760,24559380,22875000,22458000,22407474,19450000,18518574,17149243,15779912,14410581,13041250,0,3713640,0,3229200,0,0,0,0
Steven Adams,24,22471910,3140517,2279040,2184960,2090880,0,0,0,0,0,0,0,0,0,0,0,0,0,0
Paul George,27,19508958,18314532,17120106,15925680,3282003,2574120,2406240,2238360,0,0,0,0,0,0,0,0,0,0,0
Andre Roberson,26,9259259,2183072,1210800,1160880,1110840,0,0,0,0,0,0,0,0,0,0,0,0,0,0
Alex Abrines,24,5725000,5994764,0,0,0,0,0,0,0,0,0,0,0,0,0,0,0,0,0
Patrick Patterson,29,5192000,6050000,6268675,5831326,3105302,2096760,1959960,1823280,0,0,0,0,0,0,0,0,0,0,0
Kyle Singler,29,4666500,4837500,5000000,1090000,1045000,0,0,0,0,0,0,0,0,0,0,0,0,0,0
Nick Collison,37,2328652,3750000,3750000,2242003,2585668,2929332,3272997,13250000,6250000,6350000,5750000,2501070,1815000,1969680,1578240,0,0,0,0
Raymond Felton,33,2328652,1551659,3950313,3793693,3637073,3480453,7560000,7500000,0,0,0,0,0,0,0,0,0,0,0
Terrance Ferguson,19,1785000,0,0,0,0,0,0,0,0,0,0,0,0,0,0,0,0,0,0
Jerami Grant,24,1524305,980431,845059,884879,0,0,0,0,0,0,0,0,0,0,0,0,0,0,0
Josh Huestis,26,1471382,1191480,1140240,0,0,0,0,0,0,0,0,0,0,0,0,0,0,0,0
Dakari Johnson,22,815615,0,0,0,0,0,0,0,0,0,0,0,0,0,0,0,0,0,0
Ronnie Price,34,2442455,2557545,1499187,1316809,1265977,0,1069509,1380000,1250000,1188000,1100000,664209,398762,0,0,0,0,0,0
Evan Fournier,25,17000000,17000000,2288205,1483920,1422720,1361400,0,0,0,0,0,0,0,0,0,0,0,0,0
Bismack Biyombo,25,17000000,17000000,3000000,0,0,0,0,0,0,0,0,0,0,0,0,0,0,0,0
Nikola Vucevic,27,12250000,11750000,11250000,2751260,1793520,1768800,1645400,0,0,0,0,0,0,0,0,0,0,0,0
Terrence Ross,27,10500000,10000000,3553917,2793960,2678640,2563320,0,0,0,0,0,0,0,0,0,0,0,0,0
D.J. Augustin,30,7250000,7250000,3000000,3000000,1267000,3500000,0,0,0,0,0,0,0,0,0,0,0,0,0
Jonathon Simmons,28,6300000,874636,525093,0,0,0,0,0,0,0,0,0,0,0,0,0,0,0,0
Shelvin Mack,27,6000000,2433334,2433333,2433333,884293,89670,473604,0,0,0,0,0,0,0,0,0,0,0,0
Aaron Gordon,22,5504420,4351320,4171680,3992040,0,0,0,0,0,0,0,0,0,0,0,0,0,0,0
Jonathan Isaac,20,4186320,0,0,0,0,0,0,0,0,0,0,0,0,0,0,0,0,0,0
Mario Hezonja,23,4078320,3909840,3741480,0,0,0,0,0,0,0,0,0,0,0,0,0,0,0,0
Arron Afflalo,32,2328652,12500000,8000000,7750000,7312500,7750000,7562500,1959577,1086240,1015440,944520,0,0,0,0,0,0,0,0
Marreese Speights,30,2116955,1403611,3815000,3657500,3500000,4200000,2721255,1773960,1658280,1542600,0,0,0,0,0,0,0,0,0
Wesley Iwundu,23,1050000,0,0,0,0,0,0,0,0,0,0,0,0,0,0,0,0,0,0
Khem Birch,25,815615,0,0,50000,0,0,0,0,0,0,0,0,0,0,0,0,0,0,0
C.J. Watson,33,333334,5000000,5000000,2106720,2016000,0,3400000,3100000,1000497,0,125479,0,0,0,0,0,0,0,0
J.J. Redick,33,23000000,7377500,6867000,6583500,6300000,6190000,6750000,7250000,2839408,2139720,2000160,1860720,0,0,0,0,0,0,0
Robert Covington,27,16698103,1015696,1000000,150000,0,0,0,0,0,0,0,0,0,0,0,0,0,0,0
Amir Johnson,30,11000000,12000000,12000000,7000000,6500000,6000000,5500000,5000000,3666666,3666667,3666666,664209,398762,0,0,0,0,0,0
Jerryd Bayless,29,9000000,9424084,3000000,3000000,3135000,3000000,3042280,2292600,2143080,1993560,0,0,0,0,0,0,0,0,0
Markelle Fultz,19,7026240,0,0,0,0,0,0,0,0,0,0,0,0,0,0,0,0,0,0
Ben Simmons,21,6168840,5903160,0,0,0,0,0,0,0,0,0,0,0,0,0,0,0,0,0
Joel Embiid,24,6100266,4826160,4626960,4427640,0,0,0,0,0,0,0,0,0,0,0,0,0,0,0
Dario Saric,23,2422560,2318280,0,0,0,0,0,0,0,0,0,0,0,0,0,0,0,0,0
Justin Anderson,24,1579440,1514160,1449000,0,0,0,0,0,0,0,0,0,0,0,0,0,0,0,0
T.J. McConnell,26,1471382,874636,525093,0,0,0,0,0,0,0,0,0,0,0,0,0,0,0,0
Richaun Holmes,24,1471382,1025831,1050000,0,0,0,0,0,0,0,0,0,0,0,0,0,0,0,0
Furkan Korkmaz,20,1465920,0,0,0,0,0,0,0,0,0,0,0,0,0,0,0,0,0,0
Timothe Luwawu-Cabarrot,22,1386600,1326960,0,0,0,0,0,0,0,0,0,0,0,0,0,0,0,0,0
Trevor Booker,30,9125000,9250000,4775000,5000000,2350820,1385280,1294920,1204560,0,0,0,0,0,0,0,0,0,0,0
Gerald Henderson,30,1000000,9000000,6000000,0,0,0,0,0,0,0,0,0,0,0,0,0,0,0,0
Tibor Pleiss,28,500000,3000000,3000000,0,0,0,0,0,0,0,0,0,0,0,0,0,0,0,0
Brandon Knight,26,13618750,12606250,12000000,3553917,2793960,0,2563320,0,0,0,0,0,0,0,0,0,0,0,0
Tyson Chandler,35,13000000,12415000,13000000,14598888,14100538,13604188,13107837,12600000,0,11350000,10250000,9150000,9000000,0,3804360,3556200,3308160,0,0
Jared Dudley,32,10000000,10470000,4250000,4250000,4250000,4250000,4250000,0,1307640,1222320,0,0,0,0,0,0,0,0,0
Alan Williams,25,6000000,874636,114285,0,0,0,0,0,0,0,0,0,0,0,0,0,0,0,0
Josh Jackson,21,5090040,0,0,0,0,0,0,0,0,0,0,0,0,0,0,0,0,0,0
Dragan Bender,20,4468800,4276320,0,0,0,0,0,0,0,0,0,0,0,0,0,0,0,0,0
Alex Len,24,4187599,4823621,3807120,3649920,3492720,0,0,0,0,0,0,0,0,0,0,0,0,0,0
Troy Daniels,26,3408520,3332940,947276,0,0,0,0,0,0,0,0,0,0,0,0,0,0,0,0
Elfrid Payton,24,3332340,2613600,2505720,2397840,0,0,0,0,0,0,0,0,0,0,0,0,0,0,0
T.J. Warren,24,3152931,2128920,2041080,1953120,0,0,0,0,0,0,0,0,0,0,0,0,0,0,0
Marquese Chriss,20,3073800,2941440,0,0,0,0,0,0,0,0,0,0,0,0,0,0,0,0,0
Devin Booker,21,2319360,2223600,2127840,0,0,0,0,0,0,0,0,0,0,0,0,0,0,0,0
Tyler Ulis,22,1312611,918369,0,0,0,0,0,0,0,0,0,0,0,0,0,0,0,0,0
Davon Reed,22,815615,0,0,0,0,0,0,0,0,0,0,0,0,0,0,0,0,0,0
Derrick Jones,21,1312611,543471,0,0,0,0,0,0,0,0,0,0,0,0,0,0,0,0,0
Leandro Barbosa,35,500000,4000000,2500000,1448490,0,1229255,7600000,7100000,6600000,6100000,5600000,1679733,0,870000,809280,0,0,0,0
Damian Lillard,27,26153057,24328425,4236287,3340920,3202920,3065040,0,0,0,0,0,0,0,0,0,0,0,0,0
C.J. McCollum,26,23962573,3219579,2525160,2421000,2316720,0,0,0,0,0,0,0,0,0,0,0,0,0,0
Evan Turner,29,17131148,16393443,3425510,3278000,6679867,5293080,4947840,4602720,0,0,0,0,0,0,0,0,0,0,0
Maurice Harkless,24,10162922,8988764,2894059,1887840,1809840,1731960,0,0,0,0,0,0,0,0,0,0,0,0,0
Meyers Leonard,26,9904495,9213484,3075880,2317920,2222160,2126520,0,0,0,0,0,0,0,0,0,0,0,0,0
Al-Farouq Aminu,27,7319035,7680965,7500000,981084,3700000,2947800,2755560,2563320,0,0,0,0,0,0,0,0,0,0,0
Ed Davis,28,6352531,6666667,7000000,981084,3153860,2207040,2063040,1919160,0,0,0,0,0,0,0,0,0,0,0
Zach Collins,20,3057240,0,0,0,0,0,0,0,0,0,0,0,0,0,0,0,0,0,0
Jusuf Nurkic,23,2947305,1921320,1842000,1762680,0,0,0,0,0,0,0,0,0,0,0,0,0,0,0
Shabazz Napier,26,2361360,1350120,1294440,1238640,0,0,0,0,0,0,0,0,0,0,0,0,0,0,0
Pat Connaughton,25,1471382,874636,525093,0,0,0,0,0,0,0,0,0,0,0,0,0,0,0,0
Caleb Swanigan,20,1465920,0,0,0,0,0,0,0,0,0,0,0,0,0,0,0,0,0,0
Jake Layman,24,1312611,600000,0,0,0,0,0,0,0,0,0,0,0,0,0,0,0,0,0
Andrew Nicholson,28,2844429,6088993,2380594,1545840,1482000,1418160,0,0,0,0,0,0,0,0,0,0,0,0,0
Anderson Varejao,35,1913345,1551659,458575,9704595,9036364,8368182,7700000,7281818,6300000,5784480,5356000,945600,866800,788000,0,0,0,0,0
Festus Ezeli,28,333334,7400000,2008748,1112880,1066920,1020960,0,0,0,0,0,0,0,0,0,0,0,0,0
Georgios Papagiannis,20,2301360,2202240,0,0,0,0,0,0,0,0,0,0,0,0,0,0,0,0,0
Zach Randolph,36,12307692,10361445,9638555,16500000,17800000,16500000,15200000,17666666,16000000,14666667,13333333,12000000,10666667,1504272,1172160,1095720,1019280,0,0
Iman Shumpert,27,10337079,9700000,9000000,2616975,1703760,1680360,1563120,0,0,0,0,0,0,0,0,0,0,0,0
Bogdan Bogdanovic,25,9470614,0,0,0,0,0,0,0,0,0,0,0,0,0,0,0,0,0,0
Kosta Koufos,29,8393000,8046500,7500000,3000000,3000000,3000000,2203792,1352640,1214040,1129320,0,0,0,0,0,0,0,0,0
Vince Carter,41,8000000,4264057,4088091,3911981,3180000,3090000,3000000,0,16300000,14724125,13320000,15101625,13843156,12584688,11326219,10067750,3073032,2425440,0
Garrett Temple,31,8000000,8000000,1100602,981084,916099,572943,0,98637,0,0,0,0,0,0,0,0,0,0,0
Willie Cauley-Stein,24,3704160,3551160,3398280,0,0,0,0,0,0,0,0,0,0,0,0,0,0,0,0
Buddy Hield,24,3675480,3517200,0,0,0,0,0,0,0,0,0,0,0,0,0,0,0,0,0
Bruno Caboclo,22,2451225,1589640,1524000,1458360,0,0,0,0,0,0,0,0,0,0,0,0,0,0,0
Justin Jackson,23,2365560,0,0,0,0,0,0,0,0,0,0,0,0,0,0,0,0,0,0
Harry Giles,19,1859400,0,0,0,0,0,0,0,0,0,0,0,0,0,0,0,0,0,0
Skal Labissiere,22,1312611,1188840,0,0,0,0,0,0,0,0,0,0,0,0,0,0,0,0,0
Frank Mason,23,1184385,0,0,0,0,0,0,0,0,0,0,0,0,0,0,0,0,0,0
Matt Barnes,38,2133542,383351,3542500,3396250,3250000,1229255,1906200,1765000,1600000,926678,3000000,771331,131593,695046,0,0,0,0,0
Caron Butler,38,517220,517220,1499187,4500000,8000000,8000000,8000000,10561960,9780970,9249980,8218990,7438000,2461617,1930680,1804680,1678800,0,0,0
LaMarcus Aldridge,32,21461010,20575005,19500000,16006000,14128000,13500000,12372000,11244000,5844827,4631400,4329360,4027320,0,0,0,0,0,0,0
Kawhi Leonard,26,18868625,17638063,16500000,2894059,1887840,1861920,1731960,0,0,0,0,0,0,0,0,0,0,0,0
Pau Gasol,37,16000000,15500000,7448760,0,19285850,19000000,18714150,17823000,16452000,15106000,13735000,12364000,10993000,4318481,3417000,3193680,2970840,0,0
Tony Parker,35,15453126,14445313,13437500,12500000,12500000,12500000,12500000,13500000,12600000,11550000,10500000,9450000,0,0,856200,800400,744480,0,0
Patty Mills,29,10714286,3578948,0,0,0,0,0,0,0,0,0,0,0,0,0,0,0,0,0
Danny Green,30,10000000,10000000,10000000,4025000,3762500,3500000,854389,94154,457588,0,0,0,0,0,0,0,0,0,0
Rudy Gay,31,8406000,13333333,12403101,19317325,17888931,16460538,15032144,13603750,3280997,2579400,2411160,2242290,0,0,0,0,0,0,0
Manu Ginobili,40,2500000,14000000,2814000,7000000,7500000,14107492,12981038,11854584,10728130,9905248,9079811,8254375,0,0,1457500,1325000,0,0,0
Kyle Anderson,24,2151704,1192080,1142879,1093680,0,0,0,0,0,0,0,0,0,0,0,0,0,0,0
Joffrey Lauvergne,26,1524305,1709720,1709720,1790280,0,0,0,0,0,0,0,0,0,0,0,0,0,0,0
Derrick White,23,1404600,0,0,0,0,0,0,0,0,0,0,0,0,0,0,0,0,0,0
Bryn Forbes,24,1312611,543471,0,0,0,0,0,0,0,0,0,0,0,0,0,0,0,0,0
Davis Bertans,25,1312611,543471,0,0,0,0,0,0,0,0,0,0,0,0,0,0,0,0,0
Dejounte Murray,21,1312611,1180080,0,0,0,0,0,0,0,0,0,0,0,0,0,0,0,0,0
Brandon Paul,26,815615,155000,0,0,0,0,0,0,0,0,0,0,0,0,0,0,0,0,0
Tim Duncan,41,1881250,1881250,5000000,10000000,10361446,9638554,21164619,18700000,22183220,20598704,19014188,17429672,0,0,12676125,12072500,10865250,0,0
Livio Jean-Charles,24,1035200,1188840,0,0,0,0,0,0,0,0,0,0,0,0,0,0,0,0,0
Kyle Lowry,32,28703704,12000000,12000000,12000000,6210000,5750000,5750000,5750000,2034997,1163520,1087680,1011720,0,0,0,0,0,0,0
DeMar DeRozan,28,27739975,26540100,9500000,9500000,9500000,3344250,2625000,2453880,2282640,0,0,0,0,0,0,0,0,0,0
Serge Ibaka,28,20061729,12250000,12350000,12350000,12250000,2253062,1288200,1204200,1120200,0,0,0,0,0,0,0,0,0,0
Jonas Valanciunas,25,15460675,14382022,4660482,3678360,3526440,3627720,0,0,0,0,0,0,0,0,0,0,0,0,0
C.J. Miles,30,7936509,4583450,4394225,4205000,2225000,2225000,3700000,3700000,3700000,3700000,770610,0,398762,0,0,0,0,0,0
Lucas Nogueira,25,2947305,1921320,1842000,1762680,0,0,0,0,0,0,0,0,0,0,0,0,0,0,0
Jakob Poeltl,22,2825640,2703960,0,0,0,0,0,0,0,0,0,0,0,0,0,0,0,0,0
Delon Wright,25,1645200,1577280,1509360,0,0,0,0,0,0,0,0,0,0,0,0,0,0,0,0
OG Anunoby,20,1645200,0,0,0,0,0,0,0,0,0,0,0,0,0,0,0,0,0,0
Malachi Richardson,22,1504560,1439880,0,0,0,0,0,0,0,0,0,0,0,0,0,0,0,0,0
Norman Powell,24,1471382,874636,650000,0,0,0,0,0,0,0,0,0,0,0,0,0,0,0,0
Fred VanVleet,24,1312611,543471,0,0,0,0,0,0,0,0,0,0,0,0,0,0,0,0,0
Pascal Siakam,24,1312611,1196040,0,0,0,0,0,0,0,0,0,0,0,0,0,0,0,0,0
Alfonzo McKinnie,25,815615,0,0,0,0,0,0,0,0,0,0,0,0,0,0,0,0,0,0
Justin Hamilton,27,1000000,3000000,0,816482,0,0,0,0,0,0,0,0,0,0,0,0,0,0,0
K.J. McDaniels,25,100000,3333333,3333333,507336,0,0,0,0,0,0,0,0,0,0,0,0,0,0,0
Rudy Gobert,25,21974719,2121288,1175880,1127400,1078800,0,0,0,0,0,0,0,0,0,0,0,0,0,0
Ricky Rubio,27,14275000,13550000,12365000,5070686,4002120,3741120,3480120,0,0,0,0,0,0,0,0,0,0,0,0
Joe Ingles,30,14136364,2250000,2250000,507336,0,0,0,0,0,0,0,0,0,0,0,0,0,0,0
Derrick Favors,26,12000000,11050000,11933333,12833333,6008196,4753320,4443360,4133280,0,0,0,0,0,0,0,0,0,0,0
Alec Burks,26,10845506,10154495,9213484,3034356,2202000,2171640,2020200,0,0,0,0,0,0,0,0,0,0,0,0
Jae Crowder,27,6796117,6286408,6000000,915243,788872,600491,0,0,0,0,0,0,0,0,0,0,0,0,0
Thabo Sefolosha,33,5250000,3850000,4000000,4150000,3900000,3600000,3300000,3250000,2759628,1931160,1805160,1679280,0,0,0,0,0,0,0
Dante Exum,22,4992385,3940320,3777720,3615000,0,0,0,0,0,0,0,0,0,0,0,0,0,0,0
Jonas Jerebko,31,4000000,5000000,5000000,4500000,4500000,0,4500000,0,457588,0,0,0,0,0,0,0,0,0,0
Ekpe Udoh,30,3200000,0,0,981084,4469548,3524880,3294960,3065040,0,0,0,0,0,0,0,0,0,0,0
Donovan Mitchell,21,2621280,0,0,0,0,0,0,0,0,0,0,0,0,0,0,0,0,0,0
Raul Neto,25,1471382,937800,1000000,0,0,0,0,0,0,0,0,0,0,0,0,0,0,0,0
Tony Bradley,20,1414920,0,0,0,0,0,0,0,0,0,0,0,0,0,0,0,0,0,0
Derrick Rose,29,2116955,21323250,20093063,0,17632688,16402500,6993708,5546160,5184480,4822800,0,0,0,0,0,0,0,0,0
Otto Porter,24,24773250,5893981,4662960,4470480,4278000,0,0,0,0,0,0,0,0,0,0,0,0,0,0
Bradley Beal,24,23775506,22116750,5694674,4505280,4319280,4133280,0,0,0,0,0,0,0,0,0,0,0,0,0
John Wall,27,18063850,16957900,15851950,14746000,7459925,5915880,5530080,5144280,0,0,0,0,0,0,0,0,0,0,0
Ian Mahinmi,31,16661641,15944154,4000000,4000000,4000000,4000000,0,762196,1079640,1009200,938760,0,0,0,0,0,0,0,0
Marcin Gortat,34,12782609,12000000,11217391,10434782,7727280,7258960,6790640,0,5854000,711517,427163,0,0,0,0,0,0,0,0
Markieff Morris,28,8000000,7400000,8000000,2989239,2091840,2063040,1919160,0,0,0,0,0,0,0,0,0,0,0,0
Jason Smith,32,5225000,5000000,4300000,3278000,2500000,2500000,2500000,2187913,1418880,1326360,0,0,0,0,0,0,0,0,0
Jodie Meeks,30,3290000,6540000,6270000,6000000,1550000,1500000,854389,762195,650000,0,0,0,0,0,0,0,0,0,0
Tomas Satoransky,26,3000000,2870813,0,0,0,0,0,0,0,0,0,0,0,0,0,0,0,0,0
Kelly Oubre,22,2093040,2006640,1920240,0,0,0,0,0,0,0,0,0,0,0,0,0,0,0,0
Tim Frazier,27,2000000,2090000,144157,59686,0,0,0,0,0,0,0,0,0,0,0,0,0,0,0
Mike Scott,29,1709538,3333334,3333333,3333333,788872,473604,0,0,0,0,0,0,0,0,0,0,0,0,0
Chris McCullough,23,1471382,1191480,1140240,0,0,0,0,0,0,0,0,0,0,0,0,0,0,0,0
Martell Webster,31,830000,830000,5613500,5381750,5150000,600000,5256000,4800000,4344000,3771133,2974080,2780160,2586120,0,0,0,0,0,0
